Variable,Levels,N (%) / M (SD)
,,7991
Language,English (1),7244 (90.7)
,French (2),747 (9.3)
Completed,Complete (1),7991 (100.0)
,Incomplete (2),0 (0.0)
Q1_Gender_Man,No (0),170 (2.1)
,Yes (1),7821 (97.9)
Q1_Gender_Woman,No (0),7969 (99.7)
,Yes (1),22 (0.3)
Q1_Gender_Transgender,No (0),7752 (97.0)
,Yes (1),239 (3.0)
Q1_Gender_Queer,No (0),7865 (98.4)
,Yes (1),126 (1.6)
Q1_Gender_TwoSpirit,No (0),7888 (98.7)
,Yes (1),103 (1.3)
Q1_Gender_Other,No (0),7946 (99.4)
,Yes (1),45 (0.6)
Q2_SexualID_Gay,No (0),2372 (29.7)
,Yes (1),5619 (70.3)
Q2_SexualID_Bi,No (0),5806 (72.7)
,Yes (1),2185 (27.3)
Q2_SexualID_Straight,No (0),7592 (95.0)
,Yes (1),399 (5.0)
Q2_SexualID_Queer,No (0),7587 (94.9)
,Yes (1),404 (5.1)
Q2_SexualID_TwoSpirit,No (0),7880 (98.6)
,Yes (1),111 (1.4)
Q2_SexualID_Other,No (0),7849 (98.2)
,Yes (1),142 (1.8)
Q3_AttractedTo,Attracted to men only (1),4589 (57.4)
,Mostly attracted to men (2),1734 (21.7)
,Equally attracted to men and women (3),916 (11.5)
,Mostly attracted to women (4),686 (8.6)
,Attracted to women only (5),66 (0.8)
Q4_SexLastYr,No sex at all (1),479 (6.0)
,Sex with men only (2),5933 (74.2)
,Sex with women only (3),234 (2.9)
,Sex with both men and women (4),1345 (16.8)
Q5_Relationship,Single (1),3571 (44.7)
,Married to a man (2),619 (7.7)
,Partnered with a man but not married (3),1801 (22.5)
,"Separated, divorced or widowed from a man (4)",165 (2.1)
,Married to a woman (5),974 (12.2)
,Partnered with a woman but not married (6),394 (4.9)
,"Separated, divorced or widowed from a woman (7)",325 (4.1)
,Other (99),142 (1.8)
Q5_Recoded,Single,4061 (50.8)
,Partnered to a male,2420 (30.3)
,Partnered to a female,1368 (17.1)
,Other,142 (1.8)
Q6_LastYr_NoSex,No (0),7396 (92.6)
,Yes (1),595 (7.4)
Q6_LastYr_Hookups,No (0),2917 (36.5)
,Yes (1),5074 (63.5)
Q6_LastYr_Dating,No (0),6243 (78.1)
,Yes (1),1748 (21.9)
Q6_LastYr_Partner,No (0),4496 (56.3)
,Yes (1),3495 (43.7)
Q6_LastYr_FB_FWB,No (0),4017 (50.3)
,Yes (1),3974 (49.7)
Q6_LastYr_Group,No (0),5687 (71.2)
,Yes (1),2304 (28.8)
Q6_LastYr_Other,No (0),7826 (97.9)
,Yes (1),165 (2.1)
Q7_LastGuyRelation,"Boyfriend, partner or husband (1)",2094 (26.2)
,"Friend with benefits, fuck buddy or frequent hook-up (2)",2909 (36.4)
,"First time hook-up, anonymous or no relationship (3)",2811 (35.2)
,Never had sex with a guy (4),177 (2.2)
Q8_LastGuyHowMet,Through friends (1),725 (9.3)
,Bar/cafe (2),328 (4.2)
,Baths/play space meet-up (3),567 (7.3)
,Internet hookup (4),3341 (42.8)
,"Mobile app (Grindr, Scruff) (5)",1671 (21.4)
,"Park, outdoor cruising (6)",231 (3.0)
,"Party, social event (7)",241 (3.1)
,Dating to find a boyfriend (8),156 (2.0)
,Group sex (9),38 (0.5)
,Other (99),516 (6.6)
Q9_LastGuyTimesHadSex,Only once (1),2540 (32.5)
,2-5 (2),1862 (23.8)
,6-9 (3),519 (6.6)
,10 times or more (4),2893 (37.0)
Q9_LastGuyWhenSex,In the last week (1),1007 (39.6)
,In the last 3 months (2),897 (35.3)
,In the last 6 months (3),208 (8.2)
,Over 6 months ago but less than 1 year (4),172 (6.8)
,Over a year ago (5),256 (10.1)
Q9_LastGuyFirstSex,In the last week (1),552 (10.5)
,In the last 3 months (2),983 (18.6)
,In the last 6 months (3),458 (8.7)
,Over 6 months ago but less than 1 year (4),570 (10.8)
,Over a year ago (5),2711 (51.4)
Q9_LastGuyFreqSex,Daily (1),275 (5.2)
,Weekly (2),2049 (38.9)
,Monthly (3),1134 (21.5)
,A few times a year (4),1112 (21.1)
,Once a year or less (5),177 (3.4)
,I don't have sex with him anymore (6),527 (10.0)
Q10_LastGuyLocation,No (0),1198 (15.3)
,Yes (1),6265 (80.2)
,Unsure (2),351 (4.5)
Q11_LastGuyAge,More than 5 years younger than me (1),2602 (33.3)
,Around the same age (2),3326 (42.6)
,More than 5 years older than me (3),1770 (22.7)
,Unsure (4),116 (1.5)
Q12_LastSex_JO,No (0),3603 (46.1)
,Yes (1),4211 (53.9)
Q12_LastSex_Oral,No (0),1505 (19.3)
,Yes (1),6309 (80.7)
Q12_LastSex_Rimming,No (0),5177 (66.3)
,Yes (1),2637 (33.7)
Q12_LastSex_Anal,No (0),3228 (41.3)
,Yes (1),4586 (58.7)
Q12_LastSex_Other,No (0),7325 (93.7)
,Yes (1),489 (6.3)
Q12_LastSex_Anal_Condom,No (0),2659 (58.1)
,Yes (1),1887 (41.3)
,Unsure (2),28 (0.6)
Q12_LastSex_Anal_Position,Top (1),1554 (34.0)
,Bottom (2),2120 (46.3)
,Both top and bottom (3),903 (19.7)
Q13_LastSex_Alcohol,No (0),7010 (89.7)
,Yes (1),804 (10.3)
Q13_LastSex_Marijuana,No (0),6851 (87.7)
,Yes (1),963 (12.3)
Q13_LastSex_Crystal,No (0),7664 (98.1)
,Yes (1),150 (1.9)
Q13_LastSex_Cocaine,No (0),7703 (98.6)
,Yes (1),111 (1.4)
Q13_LastSex_Mephedrone,No (0),7812 (100.0)
,Yes (1),2 (0.0)
Q13_LastSex_GHB,No (0),7724 (98.8)
,Yes (1),90 (1.2)
Q13_LastSex_Ketamine,No (0),7793 (99.7)
,Yes (1),21 (0.3)
Q13_LastSex_Ecstasy,No (0),7748 (99.2)
,Yes (1),66 (0.8)
Q13_LastSex_Poppers,No (0),7041 (90.1)
,Yes (1),773 (9.9)
Q13_LastSex_Viagra,No (0),7068 (90.5)
,Yes (1),746 (9.5)
Q13_LastSex_None,No (0),2578 (33.0)
,Yes (1),5236 (67.0)
Q14_LastGuy_HIV,No (0),2076 (26.6)
,"Yes, he is positive (1)",458 (5.9)
,"Yes, he is negative (2)",5280 (67.6)
Q15_LastGuy_Rating,1 (Worst ever),122 (1.6)
,2 (Meh: just ok),950 (12.2)
,"3 (Good, could be better)",2459 (31.5)
,4 (Hot stuff),3294 (42.2)
,5 (Mind blowing),989 (12.7)
Q16_LastGuy_FutureSex,Very likely (1),3642 (46.6)
,Likely (2),1590 (20.3)
,Unlikely (3),878 (11.2)
,Very unlikely (4),1190 (15.2)
,Unsure (5),514 (6.6)
Q17_AnySexLastYr,None (0),476 (6.1)
,Enter number (1),7338 (93.9)
Q17_SexLastYr_Total,,12.39 (30.52)
Q17_Grouped,0,43 (0.6)
,1,1103 (15.0)
,09-Feb,3646 (49.7)
,10+,2545 (34.7)
Q18_SexLastYr_KnownPerson,None (1),1137 (15.5)
,1 (2),2432 (33.1)
,2-5 (3),2896 (39.5)
,6-9 (4),447 (6.1)
,10 plus (5),426 (5.8)
Q19_SexLastYr_Position,Top (1),1099 (15.0)
,Mostly top (2),1065 (14.5)
,Both top and bottom (versatile) (3),2049 (27.9)
,Mostly bottom (4),1407 (19.2)
,Bottom (5),1258 (17.1)
,None of the above (6),460 (6.3)
Q20_SexLastYr_SameHIV,None (1),3110 (42.4)
,1 (2),1971 (26.9)
,2-5 (3),1503 (20.5)
,6-9 (4),341 (4.6)
,10-19 (5),205 (2.8)
,20+ (6),208 (2.8)
Q20_SexLastYr_UnknownHIV,None (1),5563 (75.8)
,1 (2),713 (9.7)
,2-5 (3),687 (9.4)
,6-9 (4),136 (1.9)
,10-19 (5),113 (1.5)
,20+ (6),126 (1.7)
Q20_SexLastYr_OppHIV,None (1),6518 (88.8)
,1 (2),359 (4.9)
,2-5 (3),262 (3.6)
,6-9 (4),90 (1.2)
,10-19 (5),38 (0.5)
,20+ (6),71 (1.0)
Q20_Same_Grouped,0,3110 (42.4)
,1,1971 (26.9)
,09-Feb,1844 (25.1)
,10+,413 (5.6)
Q20_Unknown_Grouped,0,5563 (75.8)
,1,713 (9.7)
,09-Feb,823 (11.2)
,10+,239 (3.3)
Q20_Opp_Grouped,0,6518 (88.8)
,1,359 (4.9)
,09-Feb,352 (4.8)
,10+,109 (1.5)
Q21_Condoms_Partner,Never (1),3645 (49.7)
,Occasionally (2),526 (7.2)
,Usually (3),380 (5.2)
,Always (4),1129 (15.4)
,No anal sex (5),1658 (22.6)
Q21_Condoms_FWB_FB,Never (1),1746 (23.8)
,Occasionally (2),938 (12.8)
,Usually (3),979 (13.3)
,Always (4),2091 (28.5)
,No anal sex (5),1584 (21.6)
Q21_Condoms_Hookups,Never (1),1113 (15.2)
,Occasionally (2),750 (10.2)
,Usually (3),980 (13.4)
,Always (4),2767 (37.7)
,No anal sex (5),1728 (23.5)
Q21_Partners_Grouped,Never,3645 (49.7)
,Intermittent,906 (12.3)
,Always,1129 (15.4)
,No anal sex,1658 (22.6)
Q21_FWB_FB_Grouped,Never,1746 (23.8)
,Intermittent,1917 (26.1)
,Always,2091 (28.5)
,No anal sex,1584 (21.6)
Q21_Hookups_Grouped,Never,1113 (15.2)
,Intermittent,1730 (23.6)
,Always,2767 (37.7)
,No anal sex,1728 (23.5)
Q22_AgeFirstSex,,19.69 (8.99)
Q22_Grouped,<14,1490 (19.1)
,14-17,2221 (28.4)
,18-24,2718 (34.8)
,25+,1382 (17.7)
Q23_EverCameOut,Never have come out about my sexuality (0),2169 (27.1)
,Enter age below (1),5822 (72.9)
Q23_AgeCameOut,,23.56 (9.49)
Q23_Grouped,<18,1460 (25.1)
,18-24,2531 (43.6)
,25-29,675 (11.6)
,30-39,623 (10.7)
,40+,519 (8.9)
Q24_ForcedSex,No (0),5916 (74.0)
,"Yes, when I was younger than 18 (1)",1212 (15.2)
,"Yes, when I was 18 or older (2)",614 (7.7)
,"Yes, when I was BOTH younger than 18 and older (3)",249 (3.1)
Q25_MistreatedBy_Partner,No (0),6454 (80.8)
,Over a year ago (1),889 (11.1)
,Last 12 months (2),208 (2.6)
,Over a year ago & last 12 months (3),440 (5.5)
Q25_MistreatedBy_FWB_FB,No (0),7386 (92.4)
,Over a year ago (1),323 (4.0)
,Last 12 months (2),139 (1.7)
,Over a year ago & last 12 months (3),143 (1.8)
Q25_MistreatedBy_Hookups,No (0),7004 (87.6)
,Over a year ago (1),583 (7.3)
,Last 12 months (2),186 (2.3)
,Over a year ago & last 12 months (3),218 (2.7)
Q25_Partner_Grouped,No,6454 (80.8)
,Yes,1537 (19.2)
Q25_FWB_FB_Grouped,No,7386 (92.4)
,Yes,605 (7.6)
Q25_Hookups_Grouped,No,7004 (87.6)
,Yes,987 (12.4)
Q26_STITest,No (0),3295 (41.2)
,Yes (1),4696 (58.8)
Q26_HIVTest,No (0),3409 (42.7)
,Yes (1),4582 (57.3)
Q27_HIVStatus,HIV-positive (1),675 (8.4)
,HIV-negative (2),6013 (75.2)
,I've never had an HIV test (or a test result) (3),1303 (16.3)
Q27_HIVPosSince,up to 1 year,40 (5.9)
,1 year,38 (5.6)
,2 years,44 (6.5)
,3 years,47 (7.0)
,4 years,29 (4.3)
,5 years,32 (4.7)
,6 years,19 (2.8)
,7 years,22 (3.3)
,8 years,22 (3.3)
,9 years,18 (2.7)
,10 years,37 (5.5)
,11 years,16 (2.4)
,12 years,28 (4.1)
,13 years,10 (1.5)
,14 years,15 (2.2)
,15 years,38 (5.6)
,16 years,21 (3.1)
,17 years,14 (2.1)
,18 years,13 (1.9)
,19 years,7 (1.0)
,20 years,21 (3.1)
,21 years,16 (2.4)
,22 years,13 (1.9)
,23 years,11 (1.6)
,24 years,11 (1.6)
,25 years,24 (3.6)
,26 years,8 (1.2)
,27 years,11 (1.6)
,28 years,16 (2.4)
,29 years,8 (1.2)
,30 years,26 (3.9)
Q27_SocialExclus,No (0),457 (67.7)
,Over a year ago (1),66 (9.8)
,Last 12 months (2),62 (9.2)
,Over a year ago & last 12 months (3),90 (13.3)
Q27_RejectedSex,No (0),166 (24.6)
,Over a year ago (1),124 (18.4)
,Last 12 months (2),211 (31.3)
,Over a year ago & last 12 months (3),174 (25.8)
Q27_VerbalAbuse,No (0),507 (75.1)
,Over a year ago (1),55 (8.1)
,Last 12 months (2),56 (8.3)
,Over a year ago & last 12 months (3),57 (8.4)
Q27_PhysicalAbuse,No (0),641 (95.0)
,Over a year ago (1),15 (2.2)
,Last 12 months (2),7 (1.0)
,Over a year ago & last 12 months (3),12 (1.8)
Q27_LastHlthVisit,Last 6 months (1),643 (95.3)
,6-12 months ago (2),20 (3.0)
,More than 1 year ago (3),6 (0.9)
,Have never seen a health care provider about my HIV infection (4),6 (0.9)
Q27_ARTCurrent,No (0),32 (4.7)
,Yes (1),638 (94.5)
,Don't know (2),5 (0.7)
Q27_ARTMissed,Not at all (0),394 (61.8)
,"Yes, 1 day (1)",167 (26.2)
,"Yes, more than 1 day (2)",69 (10.8)
,Not sure (3),8 (1.3)
Q27_ViralLoad,I didn't get a viral load test (1),1 (0.2)
,I don't know (2),5 (0.8)
,Undetectable (3),605 (94.8)
,Detectable (4),27 (4.2)
Q27_HIVTreat,No (0),24 (75.0)
,"Yes, in the past year (1)",3 (9.4)
,"Yes, but more than a year ago (2)",5 (15.6)
,Don't know (3),0 (0.0)
Q27_LastHIVTest,Less than 3 months (1),1603 (26.7)
,3-6 months (2),1404 (23.3)
,6-12 months (3),1282 (21.3)
,1-2 years (4),878 (14.6)
,3-5 years (5),441 (7.3)
,More than 5 years (6),405 (6.7)
Q27_FreqHIVTest,Have only tested once (1),573 (9.5)
,Every few years (2),753 (12.5)
,Once a year (3),1446 (24.0)
,Twice a year (4),956 (15.9)
,A few times per year (every 3-4 months) (5),1123 (18.7)
,No set pattern (6),1162 (19.3)
Q27_TypeHIVTest,"HIV testing with a health professional, results delivered in 1-2 weeks (1)",1323 (18.1)
,"HIV testing ordered online, taken to a lab, results delivered online in 1-2 weeks (2)",263 (3.6)
,"HIV testing with a professional, no wait for results (3)",2830 (38.7)
,"HIV testing at home, no wait for results (currently unavailable in Canada) (4)",2422 (33.1)
,Not interested in HIV testing at this time (5),478 (6.5)
Q27_HomeHIVTest,Very unlikely (1),881 (12.0)
,Unlikely (2),645 (8.8)
,Likely (3),1825 (24.9)
,Very likely (4),3365 (46.0)
,Not sure (5),600 (8.2)
Q28_Syphilis,No (0),7341 (91.9)
,Over a year ago (1),414 (5.2)
,Last 12 months (2),131 (1.6)
,Over a year ago & last 12 months (3),105 (1.3)
Q28_Gonorrhea,No (0),6656 (83.3)
,Over a year ago (1),853 (10.7)
,Last 12 months (2),232 (2.9)
,Over a year ago & last 12 months (3),250 (3.1)
Q28_Chlamydia,No (0),6826 (85.4)
,Over a year ago (1),712 (8.9)
,Last 12 months (2),249 (3.1)
,Over a year ago & last 12 months (3),204 (2.6)
Q28_Herpes,No (0),7312 (91.5)
,Over a year ago (1),449 (5.6)
,Last 12 months (2),71 (0.9)
,Over a year ago & last 12 months (3),159 (2.0)
Q28_HPV,No (0),7007 (87.7)
,Over a year ago (1),682 (8.5)
,Last 12 months (2),97 (1.2)
,Over a year ago & last 12 months (3),205 (2.6)
Q28_HepB,No (0),7729 (96.7)
,Over a year ago (1),173 (2.2)
,Last 12 months (2),14 (0.2)
,Over a year ago & last 12 months (3),75 (0.9)
Q28_HepC,No (0),7860 (98.4)
,Over a year ago (1),78 (1.0)
,Last 12 months (2),17 (0.2)
,Over a year ago & last 12 months (3),36 (0.5)
Q28_Shigella,No (0),7893 (98.8)
,Over a year ago (1),50 (0.6)
,Last 12 months (2),30 (0.4)
,Over a year ago & last 12 months (3),18 (0.2)
Q28_Syphilis_Ever,No,7341 (91.9)
,Ever,650 (8.1)
Q28_Syphilis_LastYr,No,7341 (91.9)
,Over a year ago,414 (5.2)
,Last 12 months,236 (3.0)
Q28_Gonorrhea_Ever,No,6656 (83.3)
,Ever,1335 (16.7)
Q28_Gonorrhea_LastYr,No,6656 (83.3)
,Over a year ago,853 (10.7)
,Last 12 months,482 (6.0)
Q28_Chlamydia_Ever,No,6826 (85.4)
,Ever,1165 (14.6)
Q28_Chlamydia_LastYr,No,6826 (85.4)
,Over a year ago,712 (8.9)
,Last 12 months,453 (5.7)
Q28_HPV_Ever,No,7007 (87.7)
,Ever,984 (12.3)
Q28_HPV_LastYr,No,7007 (87.7)
,Over a year ago,682 (8.5)
,Last 12 months,302 (3.8)
Q28_Herpes_Ever,No,7312 (91.5)
,Ever,679 (8.5)
Q28_Herpes_LastYr,No,7312 (91.5)
,Over a year ago,449 (5.6)
,Last 12 months,230 (2.9)
Q28_HepB_Ever,No,7729 (96.7)
,Ever,262 (3.3)
Q28_HepB_LastYr,No,7729 (96.7)
,Over a year ago,173 (2.2)
,Last 12 months,89 (1.1)
Q28_HepC_Ever,No,7860 (98.4)
,Ever,131 (1.6)
Q28_HepC_LastYr,No,7860 (98.4)
,Over a year ago,78 (1.0)
,Last 12 months,53 (0.7)
Q28_Shigella_Ever,No,7893 (98.8)
,Ever,98 (1.2)
Q28_Shigella_LastYr,No,7893 (98.8)
,Over a year ago,50 (0.6)
,Last 12 months,48 (0.6)
Q29_Alcohol,Never (0),895 (11.2)
,Once a month or less (1),2137 (26.7)
,Once a week or less (2),2106 (26.4)
,A few times a week (3),2211 (27.7)
,Daily (4),642 (8.0)
Q29_Tobacco,Never (0),5550 (69.5)
,Once a month or less (1),652 (8.2)
,Once a week or less (2),186 (2.3)
,A few times a week (3),257 (3.2)
,Daily (4),1346 (16.8)
Q29_Marijuana,Never (0),4839 (60.6)
,Once a month or less (1),1642 (20.5)
,Once a week or less (2),385 (4.8)
,A few times a week (3),504 (6.3)
,Daily (4),621 (7.8)
Q29_Cocaine,Never (0),7225 (90.4)
,Once a month or less (1),659 (8.2)
,Once a week or less (2),81 (1.0)
,A few times a week (3),17 (0.2)
,Daily (4),9 (0.1)
Q29_Crack,Never (0),7901 (98.9)
,Once a month or less (1),71 (0.9)
,Once a week or less (2),10 (0.1)
,A few times a week (3),0 (0.0)
,Daily (4),9 (0.1)
Q29_Crystal,Never (0),7669 (96.0)
,Once a month or less (1),212 (2.7)
,Once a week or less (2),46 (0.6)
,A few times a week (3),33 (0.4)
,Daily (4),31 (0.4)
Q29_Poppers,Never (0),5713 (71.5)
,Once a month or less (1),1381 (17.3)
,Once a week or less (2),486 (6.1)
,A few times a week (3),365 (4.6)
,Daily (4),46 (0.6)
Q29_Viagra,Never (0),6052 (75.7)
,Once a month or less (1),1254 (15.7)
,Once a week or less (2),480 (6.0)
,A few times a week (3),160 (2.0)
,Daily (4),45 (0.6)
Q29_Ecstasy,Never (0),7241 (90.6)
,Once a month or less (1),688 (8.6)
,Once a week or less (2),49 (0.6)
,A few times a week (3),4 (0.1)
,Daily (4),9 (0.1)
Q29_GHB,Never (0),7621 (95.4)
,Once a month or less (1),304 (3.8)
,Once a week or less (2),42 (0.5)
,A few times a week (3),14 (0.2)
,Daily (4),10 (0.1)
Q29_Ketamine,Never (0),7741 (96.9)
,Once a month or less (1),216 (2.7)
,Once a week or less (2),22 (0.3)
,A few times a week (3),3 (0.0)
,Daily (4),9 (0.1)
Q29_Mephedrone,Never (0),7967 (99.7)
,Once a month or less (1),13 (0.2)
,Once a week or less (2),1 (0.0)
,A few times a week (3),0 (0.0)
,Daily (4),10 (0.1)
Q29_Steroids,Never (0),7879 (98.6)
,Once a month or less (1),44 (0.6)
,Once a week or less (2),28 (0.4)
,A few times a week (3),19 (0.2)
,Daily (4),21 (0.3)
Q29_Alcohol_Ever,No,895 (11.2)
,Ever,7096 (88.8)
Q29_Tobacco_Ever,No,5550 (69.5)
,Ever,2441 (30.5)
Q29_Marijuana_Ever,No,4839 (60.6)
,Ever,3152 (39.4)
Q29_Cocaine_Ever,No,7225 (90.4)
,Ever,766 (9.6)
Q29_Crack_Ever,No,7901 (98.9)
,Ever,90 (1.1)
Q29_Crystal_Ever,No,7669 (96.0)
,Ever,322 (4.0)
Q29_Poppers_Ever,No,5713 (71.5)
,Ever,2278 (28.5)
Q29_Viagra_Ever,No,6052 (75.7)
,Ever,1939 (24.3)
Q29_Ecstasy_Ever,No,7241 (90.6)
,Ever,750 (9.4)
Q29_GHB_Ever,No,7621 (95.4)
,Ever,370 (4.6)
Q29_Ketamine_Ever,No,7741 (96.9)
,Ever,250 (3.1)
Q29_Mephedrone_Ever,No,7967 (99.7)
,Ever,24 (0.3)
Q29_Steroids_Ever,No,7879 (98.6)
,Ever,112 (1.4)
Q29_Alcohol_Grouped,Less than a few times a week,5138 (64.3)
,A few times a week or more,2853 (35.7)
Q29_Tobacco_Grouped,Less than a few times a week,6388 (79.9)
,A few times a week or more,1603 (20.1)
Q29_Marijuana_Grouped,Less than a few times a week,6866 (85.9)
,A few times a week or more,1125 (14.1)
Q29_Cocaine_Grouped,Less than a few times a week,7965 (99.7)
,A few times a week or more,26 (0.3)
Q29_Crack_Grouped,Less than a few times a week,7982 (99.9)
,A few times a week or more,9 (0.1)
Q29_Crystal_Grouped,Less than a few times a week,7927 (99.2)
,A few times a week or more,64 (0.8)
Q29_Poppers_Grouped,Less than a few times a week,7580 (94.9)
,A few times a week or more,411 (5.1)
Q29_Viagra_Grouped,Less than a few times a week,7786 (97.4)
,A few times a week or more,205 (2.6)
Q29_Ecstasy_Grouped,Less than a few times a week,7978 (99.8)
,A few times a week or more,13 (0.2)
Q29_GHB_Grouped,Less than a few times a week,7967 (99.7)
,A few times a week or more,24 (0.3)
Q29_Ketamine_Grouped,Less than a few times a week,7979 (99.8)
,A few times a week or more,12 (0.2)
Q29_Mephedrone_Grouped,Less than a few times a week,7981 (99.9)
,A few times a week or more,10 (0.1)
Q29_Steroids_Grouped,Less than a few times a week,7951 (99.5)
,A few times a week or more,40 (0.5)
Q30_BingeDrink,Never (0),3034 (38.0)
,Once a month or less (1),3234 (40.5)
,Once a week or less (2),1135 (14.2)
,A few times a week (3),500 (6.3)
,Daily (4),88 (1.1)
Q30_Grouped,Never,3034 (38.0)
,Once a month or less,3234 (40.5)
,More than once a month,1723 (21.6)
Q31_KnowCondoms,No (0),121 (1.5)
,Yes (1),7870 (98.5)
Q32_KnowARTPrevent,No (0),2432 (30.4)
,Yes (1),5559 (69.6)
Q33_KnowCriminal,No (0),907 (11.4)
,Yes (1),7084 (88.6)
Q34_KnowPEP,No (0),3436 (43.0)
,Yes (1),4555 (57.0)
Q35_KnowTasP,No (0),4474 (56.0)
,Yes (1),3517 (44.0)
Q36_KnowPrEP,No (0),3412 (42.7)
,Yes (1),4579 (57.3)
Q37_InterestPrEP,Yes I知 interested (1),3480 (43.5)
,I知 already taking PrEP (2),89 (1.1)
,I致e taken PrEP but no longer on it (3),16 (0.2)
,I知 HIV positive (4),617 (7.7)
,No I知 not interested (5),3789 (47.4)
Q37_PrEPHealthInsur,Only if covered by my health insurance (1),2516 (72.3)
,If less than [sic] (enter amount below) per month (2),964 (27.7)
Q37_PayPrEPAmount,$100,782 (81.1)
,$200,129 (13.4)
,$300,23 (2.4)
,$400,10 (1.0)
,$500,10 (1.0)
,$600,2 (0.2)
,$700,0 (0.0)
,$800,1 (0.1)
,$900,1 (0.1)
,"$1,000",5 (0.5)
,"$1,100",0 (0.0)
,"$1,200",1 (0.1)
Q38_NextYrPrevent_Condoms,No (0),1452 (18.2)
,Yes (1),6539 (81.8)
Q38_NextYrPrevent_Serosort,No (0),5431 (68.0)
,Yes (1),2560 (32.0)
Q38_NextYrPrevent_Testing,No (0),4985 (62.4)
,Yes (1),3006 (37.6)
Q38_NextYrPrevent_PEP,No (0),7600 (95.1)
,Yes (1),391 (4.9)
Q38_NextYrPrevent_PrEP,No (0),7427 (92.9)
,Yes (1),564 (7.1)
Q38_NextYrPrevent_TasP,No (0),7692 (96.3)
,Yes (1),299 (3.7)
Q38_NextYrPrevent_Unsure,No (0),6760 (84.6)
,Yes (1),1231 (15.4)
Q38_NextYrPrevent_Other,No (0),7624 (95.4)
,Yes (1),367 (4.6)
Q39_OverallHealth,Excellent (1),1640 (20.5)
,Very good (2),3440 (43.0)
,Good (3),2140 (26.8)
,Fair (4),637 (8.0)
,Poor (5),134 (1.7)
Q39_Grouped,Very good / Excellent,5080 (63.6)
,Good,2140 (26.8)
,Poor / Fair,771 (9.6)
Q40_RoutineCare,Family physician (1),5804 (72.6)
,Walk-in medical clinic (2),1730 (21.6)
,Emergency center (hospital) (3),100 (1.3)
,No routine care available (4),238 (3.0)
,Other (99),119 (1.5)
Q41_HlthProKnows,No (0),2730 (34.2)
,Yes (1),4992 (62.5)
,Not sure (2),269 (3.4)
Q42_HaveCurrentDr,I don't have a doctor (primary care provider) (0),1230 (15.4)
,Rate below: (1),6761 (84.6)
Q42_CurrentDrRespect,1 Low,359 (5.3)
,2,289 (4.3)
,3,1303 (19.3)
,4,1099 (16.3)
,5 High,3711 (54.9)
Q42_CurrentDrKnowledge,1 Low,497 (7.4)
,2,539 (8.0)
,3,1680 (24.8)
,4,1276 (18.9)
,5 High,2769 (41.0)
Q42_ReceptionStaff,1 Low,481 (7.1)
,2,463 (6.8)
,3,1639 (24.2)
,4,1385 (20.5)
,5 High,2793 (41.3)
Q42_CurrentDrRespect_Grouped,Low (1-2),648 (9.6)
,Medium (3),1303 (19.3)
,High (4-5),4810 (71.1)
Q42_CurrentDrKnowledge_Grouped,Low (1-2),1036 (15.3)
,Medium (3),1680 (24.8)
,High (4-5),4045 (59.8)
Q42_ReceptionStaff_Grouped,Low (1-2),944 (14.0)
,Medium (3),1639 (24.2)
,High (4-5),4178 (61.8)
Q43_Delays_None,No (0),2844 (35.6)
,Yes (1),5147 (64.4)
Q43_Delays_Late,No (0),6914 (86.5)
,Yes (1),1077 (13.5)
Q43_Delays_Stressed,No (0),7192 (90.0)
,Yes (1),799 (10.0)
Q43_Delays_TooFar,No (0),7508 (94.0)
,Yes (1),483 (6.0)
Q43_Delays_Hours,No (0),6901 (86.4)
,Yes (1),1090 (13.6)
Q43_Delays_Privacy,No (0),7775 (97.3)
,Yes (1),216 (2.7)
Q43_Delays_Wait,No (0),6960 (87.1)
,Yes (1),1031 (12.9)
Q43_Delays_Language,No (0),7963 (99.6)
,Yes (1),28 (0.4)
Q43_Delays_Sensitivity,No (0),7625 (95.4)
,Yes (1),366 (4.6)
Q43_Delays_HealthIns,No (0),7715 (96.5)
,Yes (1),276 (3.5)
Q43_Delays_Other,No (0),7662 (95.9)
,Yes (1),329 (4.1)
Q44_DrNegReaction,No (0),5589 (82.7)
,Yes (1),246 (3.6)
,Not sure (2),926 (13.7)
Q45_HighBP,No (0),6187 (77.4)
,Yes (1),1804 (22.6)
Q45_HighCholesterol,No (0),6502 (81.4)
,Yes (1),1489 (18.6)
Q45_Diabetes,No (0),7324 (91.7)
,Yes (1),667 (8.3)
Q45_Cardiovascular,No (0),7621 (95.4)
,Yes (1),370 (4.6)
Q45_Cancer,No (0),7704 (96.4)
,Yes (1),287 (3.6)
Q45_None,No (0),2747 (34.4)
,Yes (1),5244 (65.6)
Q46_WeeklyExercise,None (1),1345 (16.8)
,Up to one hour (2),1556 (19.5)
,1-4 hours (3),2705 (33.9)
,4-7 hours (4),1580 (19.8)
,7+ hours (5),805 (10.1)
Q46_Grouped,Up to 1 hour,2901 (36.3)
,1-4 hours,2705 (33.9)
,4+ hours,2385 (29.8)
Q47_LastYr_Trainer,No (0),7075 (88.5)
,Yes (1),916 (11.5)
Q47_LastYr_Naturopath,No (0),7606 (95.2)
,Yes (1),385 (4.8)
Q47_LastYr_Dietician,No (0),7427 (92.9)
,Yes (1),564 (7.1)
Q47_LastYr_Chiro,No (0),6754 (84.5)
,Yes (1),1237 (15.5)
Q47_LastYr_Physio,No (0),6966 (87.2)
,Yes (1),1025 (12.8)
Q47_LastYr_Dentist,No (0),3044 (38.1)
,Yes (1),4947 (61.9)
Q47_LastYr_SexTherapist,No (0),7878 (98.6)
,Yes (1),113 (1.4)
Q47_LastYr_Massage,No (0),5566 (69.7)
,Yes (1),2425 (30.3)
Q47_LastYr_None,No (0),6099 (76.3)
,Yes (1),1892 (23.7)
Q48_Psychologist,No (0),5352 (67.0)
,Over a year ago (1),1537 (19.2)
,Last 12 months (2),513 (6.4)
,Over a year ago & last 12 months (3),589 (7.4)
Q48_Psychiatrist,No (0),6296 (78.8)
,Over a year ago (1),905 (11.3)
,Last 12 months (2),364 (4.6)
,Over a year ago & last 12 months (3),426 (5.3)
Q48_Counselor,No (0),6216 (77.8)
,Over a year ago (1),831 (10.4)
,Last 12 months (2),522 (6.5)
,Over a year ago & last 12 months (3),422 (5.3)
Q48_Physician,No (0),5106 (63.9)
,Over a year ago (1),972 (12.2)
,Last 12 months (2),1235 (15.5)
,Over a year ago & last 12 months (3),678 (8.5)
Q48_Psychologist_Ever,No,5352 (67.0)
,Ever,2639 (33.0)
Q48_Psychologist_LastYr,No,5352 (67.0)
,Over a year ago,1537 (19.2)
,Last 12 months,1102 (13.8)
Q48_Psychiatrist_Ever,No,6296 (78.8)
,Ever,1695 (21.2)
Q48_Psychiatrist_LastYr,No,6296 (78.8)
,Over a year ago,905 (11.3)
,Last 12 months,790 (9.9)
Q48_Counselor_Ever,No,6216 (77.8)
,Ever,1775 (22.2)
Q48_Counselor_LastYr,No,6216 (77.8)
,Over a year ago,831 (10.4)
,Last 12 months,944 (11.8)
Q48_Physician_Ever,No,5106 (63.9)
,Ever,2885 (36.1)
Q48_Physician_LastYr,No,5106 (63.9)
,Over a year ago,972 (12.2)
,Last 12 months,1913 (23.9)
Q48_OtherHlthPro,No (0),7561 (94.6)
,Over a year ago (1),155 (1.9)
,Last 12 months (2),155 (1.9)
,Over a year ago & last 12 months (3),120 (1.5)
Q49_Discussed_Stress,No (0),3820 (47.8)
,Over a year ago (1),1622 (20.3)
,Last 12 months (2),1627 (20.4)
,Over a year ago & last 12 months (3),922 (11.5)
Q49_Discussed_ComingOut,No (0),6684 (83.6)
,Over a year ago (1),780 (9.8)
,Last 12 months (2),260 (3.3)
,Over a year ago & last 12 months (3),267 (3.3)
Q49_Discussed_Sex,No (0),4725 (59.1)
,Over a year ago (1),1284 (16.1)
,Last 12 months (2),1327 (16.6)
,Over a year ago & last 12 months (3),655 (8.2)
Q49_Discussed_Depression,No (0),4650 (58.2)
,Over a year ago (1),1340 (16.8)
,Last 12 months (2),1166 (14.6)
,Over a year ago & last 12 months (3),835 (10.4)
Q49_Discussed_Anxiety,No (0),4818 (60.3)
,Over a year ago (1),1158 (14.5)
,Last 12 months (2),1254 (15.7)
,Over a year ago & last 12 months (3),761 (9.5)
Q49_Discussed_Compulsions,No (0),6921 (86.6)
,Over a year ago (1),398 (5.0)
,Last 12 months (2),381 (4.8)
,Over a year ago & last 12 months (3),291 (3.6)
Q49_Discussed_EatingDis,No (0),7382 (92.4)
,Over a year ago (1),258 (3.2)
,Last 12 months (2),225 (2.8)
,Over a year ago & last 12 months (3),126 (1.6)
Q49_Discussed_RelationProbs,No (0),6097 (76.3)
,Over a year ago (1),851 (10.6)
,Last 12 months (2),618 (7.7)
,Over a year ago & last 12 months (3),425 (5.3)
Q49_Discussed_Workplace,No (0),6248 (78.2)
,Over a year ago (1),732 (9.2)
,Last 12 months (2),665 (8.3)
,Over a year ago & last 12 months (3),346 (4.3)
Q49_Discussed_AlcoholDrugs,No (0),6954 (87.0)
,Over a year ago (1),429 (5.4)
,Last 12 months (2),385 (4.8)
,Over a year ago & last 12 months (3),223 (2.8)
Q49_Discussed_Family,No (0),6169 (77.2)
,Over a year ago (1),793 (9.9)
,Last 12 months (2),593 (7.4)
,Over a year ago & last 12 months (3),436 (5.5)
Q49_Discussed_Suicide,No (0),6492 (81.2)
,Over a year ago (1),740 (9.3)
,Last 12 months (2),428 (5.4)
,Over a year ago & last 12 months (3),331 (4.1)
Q49_Discussed_Other,No (0),7543 (94.4)
,Over a year ago (1),139 (1.7)
,Last 12 months (2),169 (2.1)
,Over a year ago & last 12 months (3),140 (1.8)
Q49_Stress_Ever,No,3820 (47.8)
,Ever,4171 (52.2)
Q49_Stress_LastYr,No,3820 (47.8)
,Over a year ago,1622 (20.3)
,Last 12 months,2549 (31.9)
Q49_ComingOut_Ever,No,6684 (83.6)
,Ever,1307 (16.4)
Q49_ComingOut_LastYr,No,6684 (83.6)
,Over a year ago,780 (9.8)
,Last 12 months,527 (6.6)
Q49_Sex_Ever,No,4725 (59.1)
,Ever,3266 (40.9)
Q49_Sex_LastYr,No,4725 (59.1)
,Over a year ago,1284 (16.1)
,Last 12 months,1982 (24.8)
Q49_Depression_Ever,No,4650 (58.2)
,Ever,3341 (41.8)
Q49_Depression_LastYr,No,4650 (58.2)
,Over a year ago,1340 (16.8)
,Last 12 months,2001 (25.0)
Q49_Anxiety_Ever,No,4818 (60.3)
,Ever,3173 (39.7)
Q49_Anxiety_LastYr,No,4818 (60.3)
,Over a year ago,1158 (14.5)
,Last 12 months,2015 (25.2)
Q49_Compulsions_Ever,No,6921 (86.6)
,Ever,1070 (13.4)
Q49_Compulsions_LastYr,No,6921 (86.6)
,Over a year ago,398 (5.0)
,Last 12 months,672 (8.4)
Q49_EatingDis_Ever,No,7382 (92.4)
,Ever,609 (7.6)
Q49_EatingDis_LastYr,No,7382 (92.4)
,Over a year ago,258 (3.2)
,Last 12 months,351 (4.4)
Q49_RelationProbs_Ever,No,6097 (76.3)
,Ever,1894 (23.7)
Q49_RelationProbs_LastYr,No,6097 (76.3)
,Over a year ago,851 (10.6)
,Last 12 months,1043 (13.1)
Q49_Workplace_Ever,No,6248 (78.2)
,Ever,1743 (21.8)
Q49_Workplace_LastYr,No,6248 (78.2)
,Over a year ago,732 (9.2)
,Last 12 months,1011 (12.7)
Q49_AlcoholDrugs_Ever,No,6954 (87.0)
,Ever,1037 (13.0)
Q49_AlcoholDrugs_LastYr,No,6954 (87.0)
,Over a year ago,429 (5.4)
,Last 12 months,608 (7.6)
Q49_Family_Ever,No,6169 (77.2)
,Ever,1822 (22.8)
Q49_Family_LastYr,No,6169 (77.2)
,Over a year ago,793 (9.9)
,Last 12 months,1029 (12.9)
Q49_Suicide_Ever,No,6492 (81.2)
,Ever,1499 (18.8)
Q49_Suicide_LastYr,No,6492 (81.2)
,Over a year ago,740 (9.3)
,Last 12 months,759 (9.5)
Q49_Other_Ever,No,7543 (94.4)
,Ever,448 (5.6)
Q49_Other_LastYr,No,7543 (94.4)
,Over a year ago,139 (1.7)
,Last 12 months,309 (3.9)
Q50_ConsideredSuicide,No (0),4594 (57.5)
,Over a year ago (1),1907 (23.9)
,Last 12 months (2),616 (7.7)
,Over a year ago & last 12 months (3),874 (10.9)
Q50_AttemptedSuicide,No (0),6906 (86.4)
,Over a year ago (1),811 (10.1)
,Last 12 months (2),87 (1.1)
,Over a year ago & last 12 months (3),187 (2.3)
Q50_AttemptedSuicide_Age,,25.15 (12.21)
Q50_AttemptedSuicide_HlthPro,No (0),504 (46.5)
,Yes (1),581 (53.5)
Q50_ConsideredSuicide_Ever,No,4594 (57.5)
,Ever,3397 (42.5)
Q50_ConsideredSuicide_LastYr,No,4594 (57.5)
,Over a year ago,1907 (23.9)
,Last 12 months,1490 (18.6)
Q50_AttemptedSuicide_Ever,No,6906 (86.4)
,Ever,1085 (13.6)
Q50_AttemptedSuicide_LastYr,No,6906 (86.4)
,Over a year ago,811 (10.1)
,Last 12 months,274 (3.4)
Q51_Used_PainMeds,Never (0),6053 (75.7)
,Once a month or less (1),1401 (17.5)
,Once a week or less (2),296 (3.7)
,A few times a week (3),153 (1.9)
,Daily (4),88 (1.1)
Q51_Used_Stimulants,Never (0),7790 (97.5)
,Once a month or less (1),138 (1.7)
,Once a week or less (2),18 (0.2)
,A few times a week (3),12 (0.2)
,Daily (4),33 (0.4)
Q51_Used_SleepMeds,Never (0),7128 (89.2)
,Once a month or less (1),519 (6.5)
,Once a week or less (2),121 (1.5)
,A few times a week (3),96 (1.2)
,Daily (4),127 (1.6)
Q51_Used_AnxietyMeds,Never (0),7340 (91.9)
,Once a month or less (1),368 (4.6)
,Once a week or less (2),63 (0.8)
,A few times a week (3),58 (0.7)
,Daily (4),162 (2.0)
Q51_Used_ErectileMeds,Never (0),6504 (81.4)
,Once a month or less (1),1031 (12.9)
,Once a week or less (2),307 (3.8)
,A few times a week (3),114 (1.4)
,Daily (4),35 (0.4)
Q51_PainMeds_Grouped,Never,6053 (75.7)
,Ever,1938 (24.3)
Q51_Stimulants_Grouped,Never,7790 (97.5)
,Ever,201 (2.5)
Q51_SleepMeds_Grouped,Never,7128 (89.2)
,Ever,863 (10.8)
Q51_AnxietyMeds_Grouped,Never,7340 (91.9)
,Ever,651 (8.1)
Q51_ErectileMeds_Grouped,Never,6504 (81.4)
,Ever,1487 (18.6)
Q52_QualityLife,Very unlikely (1),492 (6.2)
,Unlikely (2),1370 (17.1)
,Likely (3),2848 (35.6)
,Very likely (4),2261 (28.3)
,Already have (5),1020 (12.8)
Q52_EnoughMoney,Very unlikely (1),748 (9.4)
,Unlikely (2),1788 (22.4)
,Likely (3),2869 (35.9)
,Very likely (4),1727 (21.6)
,Already have (5),859 (10.7)
Q52_OwnProperty,Very unlikely (1),985 (12.3)
,Unlikely (2),1080 (13.5)
,Likely (3),1780 (22.3)
,Very likely (4),1204 (15.1)
,Already have (5),2942 (36.8)
Q52_Marry,Very unlikely (1),2688 (33.6)
,Unlikely (2),2027 (25.4)
,Likely (3),1613 (20.2)
,Very likely (4),1046 (13.1)
,Already have (5),617 (7.7)
Q52_Parent,Very unlikely (1),3379 (42.3)
,Unlikely (2),1345 (16.8)
,Likely (3),1124 (14.1)
,Very likely (4),594 (7.4)
,Already have (5),1549 (19.4)
Q52_QualityLife_Grouped,Very unlikely / Unlikely,1862 (23.3)
,Very likely / Likely,5109 (63.9)
,Already have,1020 (12.8)
Q52_EnoughMoney_Grouped,Very unlikely / Unlikely,2536 (31.7)
,Very likely / Likely,4596 (57.5)
,Already have,859 (10.7)
Q52_OwnProperty_Grouped,Very unlikely / Unlikely,2065 (25.8)
,Very likely / Likely,2984 (37.3)
,Already have,2942 (36.8)
Q52_Marry_Grouped,Very unlikely / Unlikely,4715 (59.0)
,Very likely / Likely,2659 (33.3)
,Already have,617 (7.7)
Q52_Parent_Grouped,Very unlikely / Unlikely,4724 (59.1)
,Very likely / Likely,1718 (21.5)
,Already have,1549 (19.4)
Q53_FamilyKnows,Everyone (1),3985 (49.9)
,Some (2),1812 (22.7)
,No-one (3),2032 (25.4)
,Not applicable (4),162 (2.0)
Q53_FriendsKnow,Everyone (1),4524 (56.6)
,Some (2),2088 (26.1)
,No-one (3),1270 (15.9)
,Not applicable (4),109 (1.4)
Q53_SchoolKnows,Everyone (1),2534 (31.7)
,Some (2),1154 (14.4)
,No-one (3),2083 (26.1)
,Not applicable (4),2220 (27.8)
Q53_WorkKnows,Everyone (1),3105 (38.9)
,Some (2),1650 (20.6)
,No-one (3),2375 (29.7)
,Not applicable (4),861 (10.8)
Q53_CommunityKnows,Everyone (1),2584 (32.3)
,Some (2),1523 (19.1)
,No-one (3),2300 (28.8)
,Not applicable (4),1584 (19.8)
Q53_Family_Grouped,Everyone,3985 (50.9)
,Some,1812 (23.1)
,No-one,2032 (26.0)
Q53_Friends_Grouped,Everyone,4524 (57.4)
,Some,2088 (26.5)
,No-one,1270 (16.1)
Q53_School_Grouped,Everyone,2534 (43.9)
,Some,1154 (20.0)
,No-one,2083 (36.1)
Q53_Work_Grouped,Everyone,3105 (43.5)
,Some,1650 (23.1)
,No-one,2375 (33.3)
Q53_Community_Grouped,Everyone,2584 (40.3)
,Some,1523 (23.8)
,No-one,2300 (35.9)
Q54_LostCareerOpp,No (0),7011 (87.7)
,Over a year ago (1),661 (8.3)
,Last 12 months (2),138 (1.7)
,Over a year ago & last 12 months (3),181 (2.3)
Q54_Straight,No (0),6179 (77.3)
,Over a year ago (1),1212 (15.2)
,Last 12 months (2),257 (3.2)
,Over a year ago & last 12 months (3),343 (4.3)
Q54_Appearance,No (0),6210 (77.7)
,Over a year ago (1),739 (9.2)
,Last 12 months (2),554 (6.9)
,Over a year ago & last 12 months (3),488 (6.1)
Q54_Rumours,No (0),4613 (57.7)
,Over a year ago (1),1937 (24.2)
,Last 12 months (2),700 (8.8)
,Over a year ago & last 12 months (3),741 (9.3)
Q54_SocialExclusion,No (0),6349 (79.5)
,Over a year ago (1),958 (12.0)
,Last 12 months (2),330 (4.1)
,Over a year ago & last 12 months (3),354 (4.4)
Q54_CalledNames,No (0),4155 (52.0)
,Over a year ago (1),2243 (28.1)
,Last 12 months (2),734 (9.2)
,Over a year ago & last 12 months (3),859 (10.7)
Q54_Cyberbullied,No (0),7225 (90.4)
,Over a year ago (1),396 (5.0)
,Last 12 months (2),187 (2.3)
,Over a year ago & last 12 months (3),183 (2.3)
Q54_LostCareerOpp_Grouped,No,7011 (87.7)
,Yes,980 (12.3)
Q54_Straight_Grouped,No,6179 (77.3)
,Yes,1812 (22.7)
Q54_Appearance_Grouped,No,6210 (77.7)
,Yes,1781 (22.3)
Q54_Rumours_Grouped,No,4613 (57.7)
,Yes,3378 (42.3)
Q54_SocialExclusion_Grouped,No,6349 (79.5)
,Yes,1642 (20.5)
Q54_CalledNames_Grouped,No,4155 (52.0)
,Yes,3836 (48.0)
Q54_Cyberbullied_Grouped,No,7225 (90.4)
,Yes,766 (9.6)
Q55_VerbalViolence_No,No (0),3471 (43.4)
,Yes (1),4520 (56.6)
Q55_VerbalViolence_Before18,No (0),5600 (70.1)
,Yes (1),2391 (29.9)
Q55_VerbalViolence_After17,No (0),6152 (77.0)
,Yes (1),1839 (23.0)
Q55_VerbalViolence_LastYr,No (0),7341 (91.9)
,Yes (1),650 (8.1)
Q55_PhysicalViolence_No,No (0),1433 (17.9)
,Yes (1),6558 (82.1)
Q55_PhysicalViolence_Before18,No (0),7000 (87.6)
,Yes (1),991 (12.4)
Q55_PhysicalViolence_After17,No (0),7367 (92.2)
,Yes (1),624 (7.8)
Q55_PhysicalViolence_LastYr,No (0),7930 (99.2)
,Yes (1),61 (0.8)
Q56_AntigayWorry_Family,1 Low,5262 (65.8)
,2,695 (8.7)
,3,766 (9.6)
,4,522 (6.5)
,5 High,746 (9.3)
Q56_AntigayWorry_Apartment,1 Low,6110 (76.5)
,2,819 (10.2)
,3,632 (7.9)
,4,238 (3.0)
,5 High,192 (2.4)
Q56_AntigayWorry_Work,1 Low,4929 (61.7)
,2,1045 (13.1)
,3,989 (12.4)
,4,491 (6.1)
,5 High,537 (6.7)
Q56_AntigayWorry_Education,1 Low,5910 (81.6)
,2,637 (8.8)
,3,393 (5.4)
,4,145 (2.0)
,5 High,159 (2.2)
Q56_AntigayWorry_Healthcare,1 Low,5673 (71.0)
,2,1045 (13.1)
,3,762 (9.5)
,4,279 (3.5)
,5 High,232 (2.9)
Q56_AntigayWorry_Recreation,1 Low,4957 (62.0)
,2,1217 (15.2)
,3,1030 (12.9)
,4,450 (5.6)
,5 High,337 (4.2)
Q56_AntigayWorry_Justice,1 Low,4364 (54.6)
,2,1155 (14.5)
,3,1167 (14.6)
,4,662 (8.3)
,5 High,643 (8.0)
Q56_AntigayWorry_Travel,1 Low,5065 (63.4)
,2,1281 (16.0)
,3,1065 (13.3)
,4,368 (4.6)
,5 High,212 (2.7)
Q56_AntigayWorry_CanBorder,1 Low,5306 (66.4)
,2,1071 (13.4)
,3,846 (10.6)
,4,398 (5.0)
,5 High,370 (4.6)
Q56_AntigayWorry_OtherBorder,1 Low,3281 (41.1)
,2,883 (11.0)
,3,1497 (18.7)
,4,1135 (14.2)
,5 High,1195 (15.0)
Q56_Family_Grouped,Low,5262 (65.8)
,All else,2729 (34.2)
Q56_Apartment_Grouped,Low,6110 (76.5)
,All else,1881 (23.5)
Q56_Work_Grouped,Low,4929 (61.7)
,All else,3062 (38.3)
Q56_Education_Grouped,Low,5910 (81.6)
,All else,1334 (18.4)
Q56_Healthcare_Grouped,Low,5673 (71.0)
,All else,2318 (29.0)
Q56_Recreation_Grouped,Low,4957 (62.0)
,All else,3034 (38.0)
Q56_Justice_Grouped,Low,4364 (54.6)
,All else,3627 (45.4)
Q56_Travel_Grouped,Low,5065 (63.4)
,All else,2926 (36.6)
Q56_CanBorder_Grouped,Low,5306 (66.4)
,All else,2685 (33.6)
Q56_OtherBorder_Grouped,Low,3281 (41.1)
,All else,4710 (58.9)
Q57_AntigayDiscrim_Family,No/not applicable (0),6748 (84.4)
,Over a year ago (1),794 (9.9)
,Last 12 months (2),199 (2.5)
,Over a year ago & last 12 months (3),250 (3.1)
Q57_AntigayDiscrim_Apartment,No/not applicable (0),7506 (93.9)
,Over a year ago (1),352 (4.4)
,Last 12 months (2),62 (0.8)
,Over a year ago & last 12 months (3),71 (0.9)
Q57_AntigayDiscrim_Work,No/not applicable (0),6396 (80.0)
,Over a year ago (1),1076 (13.5)
,Last 12 months (2),283 (3.5)
,Over a year ago & last 12 months (3),236 (3.0)
Q57_AntigayDiscrim_Education,No/not applicable (0),7059 (88.3)
,Over a year ago (1),713 (8.9)
,Last 12 months (2),89 (1.1)
,Over a year ago & last 12 months (3),130 (1.6)
Q57_AntigayDiscrim_Healthcare,No/not applicable (0),7248 (90.7)
,Over a year ago (1),538 (6.7)
,Last 12 months (2),109 (1.4)
,Over a year ago & last 12 months (3),96 (1.2)
Q57_AntigayDiscrim_Recreation,No/not applicable (0),7248 (90.7)
,Over a year ago (1),513 (6.4)
,Last 12 months (2),140 (1.8)
,Over a year ago & last 12 months (3),90 (1.1)
Q57_AntigayDiscrim_Justice,No/not applicable (0),7305 (91.4)
,Over a year ago (1),482 (6.0)
,Last 12 months (2),106 (1.3)
,Over a year ago & last 12 months (3),98 (1.2)
Q57_AntigayDiscrim_Travel,No/not applicable (0),7248 (90.7)
,Over a year ago (1),582 (7.3)
,Last 12 months (2),80 (1.0)
,Over a year ago & last 12 months (3),81 (1.0)
Q57_AntigayDiscrim_CanBorder,No/not applicable (0),7565 (94.7)
,Over a year ago (1),292 (3.7)
,Last 12 months (2),62 (0.8)
,Over a year ago & last 12 months (3),72 (0.9)
Q57_AntigayDiscrim_OtherBorder,No/not applicable (0),7233 (90.5)
,Over a year ago (1),520 (6.5)
,Last 12 months (2),106 (1.3)
,Over a year ago & last 12 months (3),132 (1.7)
Q57_Family_Ever,No/not applicable,6748 (84.4)
,Ever,1243 (15.6)
Q57_Family_LastYr,No/not applicable,6748 (84.4)
,Over a year ago,794 (9.9)
,Last 12 months,449 (5.6)
Q57_Apartment_Ever,No/not applicable,7506 (93.9)
,Ever,485 (6.1)
Q57_Apartment_LastYr,No/not applicable,7506 (93.9)
,Over a year ago,352 (4.4)
,Last 12 months,133 (1.7)
Q57_Work_Ever,No/not applicable,6396 (80.0)
,Ever,1595 (20.0)
Q57_Work_LastYr,No/not applicable,6396 (80.0)
,Over a year ago,1076 (13.5)
,Last 12 months,519 (6.5)
Q57_Education_Ever,No/not applicable,7059 (88.3)
,Ever,932 (11.7)
Q57_Education_LastYr,No/not applicable,7059 (88.3)
,Over a year ago,713 (8.9)
,Last 12 months,219 (2.7)
Q57_Healthcare_Ever,No/not applicable,7248 (90.7)
,Ever,743 (9.3)
Q57_Healthcare_LastYr,No/not applicable,7248 (90.7)
,Over a year ago,538 (6.7)
,Last 12 months,205 (2.6)
Q57_Recreation_Ever,No/not applicable,7248 (90.7)
,Ever,743 (9.3)
Q57_Recreation_LastYr,No/not applicable,7248 (90.7)
,Over a year ago,513 (6.4)
,Last 12 months,230 (2.9)
Q57_Justice_Ever,No/not applicable,7305 (91.4)
,Ever,686 (8.6)
Q57_Justice_LastYr,No/not applicable,7305 (91.4)
,Over a year ago,482 (6.0)
,Last 12 months,204 (2.6)
Q57_Travel_Ever,No/not applicable,7248 (90.7)
,Ever,743 (9.3)
Q57_Travel_LastYr,No/not applicable,7248 (90.7)
,Over a year ago,582 (7.3)
,Last 12 months,161 (2.0)
Q57_CanBorder_Ever,No/not applicable,7565 (94.7)
,Ever,426 (5.3)
Q57_CanBorder_LastYr,No/not applicable,7565 (94.7)
,Over a year ago,292 (3.7)
,Last 12 months,134 (1.7)
Q57_OtherBorder_Ever,No/not applicable,7233 (90.5)
,Ever,758 (9.5)
Q57_OtherBorder_LastYr,No/not applicable,7233 (90.5)
,Over a year ago,520 (6.5)
,Last 12 months,238 (3.0)
Q58_News_Sad,1 Low,829 (10.4)
,2,659 (8.2)
,3,1860 (23.3)
,4,2006 (25.1)
,5 High,2637 (33.0)
Q58_News_Angry,1 Low,953 (11.9)
,2,782 (9.8)
,3,1730 (21.6)
,4,1859 (23.3)
,5 High,2667 (33.4)
Q58_News_Worried,1 Low,1718 (21.5)
,2,1245 (15.6)
,3,1988 (24.9)
,4,1464 (18.3)
,5 High,1576 (19.7)
Q58_News_Motivated,1 Low,2236 (28.0)
,2,1885 (23.6)
,3,2170 (27.2)
,4,908 (11.4)
,5 High,792 (9.9)
Q58_News_Glad,1 Low,473 (5.9)
,2,190 (2.4)
,3,699 (8.7)
,4,1246 (15.6)
,5 High,5383 (67.4)
Q58_Sad_Grouped,Low (1-2),1488 (18.6)
,Medium (3),1860 (23.3)
,High (4-5),4643 (58.1)
Q58_Angry_Grouped,Low (1-2),1735 (21.7)
,Medium (3),1730 (21.6)
,High (4-5),4526 (56.6)
Q58_Worried_Grouped,Low (1-2),2963 (37.1)
,Medium (3),1988 (24.9)
,High (4-5),3040 (38.0)
Q58_Motivated_Grouped,Low (1-2),4121 (51.6)
,Medium (3),2170 (27.2)
,High (4-5),1700 (21.3)
Q58_Glad_Grouped,Low (1-2),663 (8.3)
,Medium (3),699 (8.7)
,High (4-5),6629 (83.0)
Q59_OnlineDiscrim_Age,No (0),4087 (51.1)
,Yes (1),3904 (48.9)
Q59_OnlineDiscrim_HIV,No (0),7354 (92.0)
,Yes (1),637 (8.0)
Q59_OnlineDiscrim_Race,No (0),7059 (88.3)
,Yes (1),932 (11.7)
Q59_OnlineDiscrim_Body,No (0),4245 (53.1)
,Yes (1),3746 (46.9)
Q59_OnlineDiscrim_Gender,No (0),7279 (91.1)
,Yes (1),712 (8.9)
Q59_OnlineDiscrim_Orientation,No (0),7313 (91.5)
,Yes (1),678 (8.5)
Q59_OnlineDiscrim_Trans,No (0),7742 (96.9)
,Yes (1),249 (3.1)
Q59_OnlineDiscrim_Disability,No (0),7777 (97.3)
,Yes (1),214 (2.7)
Q59_OnlineDiscrim_None,No (0),5336 (66.8)
,Yes (1),2655 (33.2)
Q59_OnlineDiscrim_Other,No (0),7736 (96.8)
,Yes (1),255 (3.2)
Q60_Age,,42.28 (14.41)
Q60_AgeGroups2,<25  (>1990),1050 (13.1)
,25-34  (1981-1990),1768 (22.1)
,35-44  (1971-1980),1384 (17.3)
,45-59  (1956-1970),2761 (34.6)
,60+  (<1956),1024 (12.8)
Q61_BornCanada,No (0),1313 (16.4)
,Yes (1),6678 (83.6)
Q62_Height,,178.18 (8.16)
Q62_Weight,,86.11 (19.70)
Q63_Province,British Columbia (1),1851 (23.2)
,Alberta (2),1074 (13.4)
,Saskatchewan (3),211 (2.6)
,Manitoba (4),274 (3.4)
,Ontario (5),2819 (35.3)
,Quebec (6),1129 (14.1)
,New Brunswick (7),117 (1.5)
,Nova Scotia (8),247 (3.1)
,Prince Edward Island (9),33 (0.4)
,Newfoundland and Labrador (10),94 (1.2)
,Yukon (11),8 (0.1)
,Northwest Territories (12),6 (0.1)
,Nunavut (13),4 (0.1)
,Outside Canada (14),122 (1.5)
Q64_HA,                 ,6165 (77.1)
,Fraser           ,410 (5.1)
,Interior         ,214 (2.7)
,Northern         ,65 (0.8)
,Vancouver Coastal,854 (10.7)
,Vancouver Island ,283 (3.5)
Q64_HA_Numeric,Fraser,410 (5.1)
,Interior,214 (2.7)
,Northern,65 (0.8)
,Vancouver Coastal,854 (10.7)
,Vancouver Island,283 (3.5)
,Not BC,6165 (77.1)
Q64_PrairieCity,          ,5618 (70.3)
,Calgary   ,402 (5.0)
,Edmonton  ,421 (5.3)
,Regina    ,100 (1.3)
,Saskatoon ,55 (0.7)
,Vancouver ,1181 (14.8)
,Winnipeg  ,214 (2.7)
Q64_PrairieCity_Numeric,Calgary,402 (16.9)
,Edmonton,421 (17.7)
,Regina,100 (4.2)
,Saskatoon,55 (2.3)
,Vancouver,1181 (49.8)
,Winnipeg,214 (9.0)
Q64_LargeCity,          ,4826 (60.4)
,Montreal  ,810 (10.1)
,Toronto   ,1174 (14.7)
,Vancouver ,1181 (14.8)
Q64_LargeCity_Numeric,Montreal,810 (25.6)
,Toronto,1174 (37.1)
,Vancouver,1181 (37.3)
Q65_Environment,Urban (1),4488 (56.2)
,Suburban (2),1484 (18.6)
,Small city/town (3),1402 (17.5)
,Rural (4),544 (6.8)
,Remote (5),60 (0.8)
,Other (99),12 (0.2)
Q66_LivingSit,"Sole occupant rental space (apartment, condo etc.) (1)",1769 (22.1)
,Shared rental space (2),1770 (22.2)
,"Sole occupant owner (condo, house etc.) (3)",1607 (20.1)
,Shared ownership (4),1826 (22.9)
,Live with parents (5),746 (9.3)
,Dormitory (6),42 (0.5)
,"Couch surfing, house sitting (7)",31 (0.4)
,No permanent address (8),30 (0.4)
,Other (99),168 (2.1)
Q66_LiveWith_Roommates,No (0),2587 (72.0)
,Yes (1),1007 (28.0)
Q66_LiveWith_Partner,No (0),1333 (37.1)
,Yes (1),2261 (62.9)
Q66_LiveWith_Children,No (0),3284 (91.4)
,Yes (1),310 (8.6)
Q66_LiveWith_Parents,No (0),3503 (97.5)
,Yes (1),91 (2.5)
Q66_LiveWith_Family,No (0),3380 (94.0)
,Yes (1),214 (6.0)
Q66_LiveWith_Other,No (0),3378 (94.0)
,Yes (1),216 (6.0)
Q67_SameHomeAs_1YrAgo,No (0),797 (10.0)
,Yes (1),7191 (90.0)
Q67_SameHomeAs_5YrsAgo,No (0),2209 (27.6)
,Yes (1),5782 (72.4)
Q67_SameHomeAs_HighSchool,No (0),5409 (67.7)
,Yes (1),2579 (32.3)
Q68_MoveForSexuality,No (0),5223 (65.4)
,Yes (1),2378 (29.8)
,Not sure (2),390 (4.9)
Q68_MoveForSexuality_ToCanada,No (0),2032 (85.5)
,Yes (1),345 (14.5)
Q68_MoveForSexuality_ToCity,No (0),1082 (45.5)
,Yes (1),1295 (54.5)
Q68_MoveForSexuality_FromCity,No (0),2295 (96.6)
,Yes (1),82 (3.4)
Q68_MoveForSexuality_BetweenCities,No (0),1635 (68.8)
,Yes (1),742 (31.2)
Q68_MoveForSexuality_BetweenProvs,No (0),1773 (74.6)
,Yes (1),604 (25.4)
Q68_MoveForSexuality_FromCanada,No (0),2259 (95.0)
,Yes (1),118 (5.0)
Q69_Education,Some high school (1),258 (3.2)
,High school (2),885 (11.1)
,Some college/university (3),1797 (22.5)
,College (4),1565 (19.6)
,"University degree: BA, BSc etc. (5)",2178 (27.3)
,"Graduate degree: MA, MBA etc. (6)",1057 (13.2)
,"Doctorate: PhD, MD etc. (7)",251 (3.1)
Q70_Aboriginal,No (0),7627 (95.4)
,Yes (1),364 (4.6)
Q70_African,No (0),7921 (99.1)
,Yes (1),70 (0.9)
Q70_EastAsian,No (0),7795 (97.5)
,Yes (1),196 (2.5)
Q70_SouthAsian,No (0),7881 (98.6)
,Yes (1),110 (1.4)
Q70_SoutheastAsian,No (0),7873 (98.5)
,Yes (1),118 (1.5)
Q70_Caribbean,No (0),7882 (98.6)
,Yes (1),109 (1.4)
Q70_Latino,No (0),7804 (97.7)
,Yes (1),187 (2.3)
Q70_MiddleEastern,No (0),7866 (98.4)
,Yes (1),125 (1.6)
Q70_PacificIslands,No (0),7964 (99.7)
,Yes (1),27 (0.3)
Q70_Caucasian,No (0),1120 (14.0)
,Yes (1),6871 (86.0)
Q70_Other,No (0),7630 (95.5)
,Yes (1),361 (4.5)
Q71_Income,"Under $10,000",775 (9.7)
,"$10,000 - $19,999",804 (10.1)
,"$20,000 - $29,999",781 (9.8)
,"$30,000 - $39,999",818 (10.2)
,"$40,000 - $49,999",837 (10.5)
,"$50,000 - $59,999",800 (10.0)
,"$60,000 - $69,999",671 (8.4)
,"$70,000 - $79,999",555 (6.9)
,"$80,000 - $89,999",485 (6.1)
,"$90,000 - $99,999",305 (3.8)
,"$100,000 +",1160 (14.5)
Q71_Groups,"Under $30,000",2360 (29.5)
,"$30,000 - $89,999",4166 (52.1)
,"$90,000 +",1465 (18.3)
Q72_Employed,No (0),2906 (36.4)
,Yes (1),5085 (63.6)
Q72_SelfEmployed,No (0),6603 (82.6)
,Yes (1),1388 (17.4)
Q72_Student,No (0),6914 (86.5)
,Yes (1),1077 (13.5)
Q72_Retired,No (0),7114 (89.0)
,Yes (1),877 (11.0)
Q72_Unemployed,No (0),7508 (94.0)
,Yes (1),483 (6.0)
Q72_UnableToWork,No (0),7700 (96.4)
,Yes (1),291 (3.6)
Q73_ControlOverWork,1 Low personal control,590 (7.4)
,2,803 (10.0)
,3,1817 (22.7)
,4,1817 (22.7)
,5 High personal control,1973 (24.7)
,"Not applicable, not working, retired etc.",991 (12.4)
Q73_Groups,Low (1-2),1393 (19.9)
,Medium (3),1817 (26.0)
,High (4-5),3790 (54.1)
Q74_Voted_Municipal,No (0),2883 (36.1)
,Yes (1),5108 (63.9)
Q74_Voted_Provincial,No (0),2197 (27.5)
,Yes (1),5794 (72.5)
Q74_Voted_Federal,No (0),2174 (27.2)
,Yes (1),5817 (72.8)
Q74_Voted_None,No (0),6788 (84.9)
,Yes (1),1203 (15.1)
Q74_Voted_NotEligible,No (0),7506 (93.9)
,Yes (1),485 (6.1)
Q75_VoteParty,Bloc Quebecois (1),132 (1.7)
,Conservative (2),1010 (12.6)
,Green (3),537 (6.7)
,Liberal (4),3312 (41.4)
,New Democratic (5),1987 (24.9)
,Other (6),626 (7.8)
,Not eligible to vote (7),387 (4.8)
Q76_Squirt,Never (0),3075 (38.5)
,Once a month or less (1),790 (9.9)
,Once a week or less (2),630 (7.9)
,A few times a week (3),1452 (18.2)
,Daily (4),2044 (25.6)
Q76_Manhunt,Never (0),5576 (69.8)
,Once a month or less (1),840 (10.5)
,Once a week or less (2),365 (4.6)
,A few times a week (3),541 (6.8)
,Daily (4),666 (8.3)
Q76_Grindr,Never (0),4565 (57.1)
,Once a month or less (1),830 (10.4)
,Once a week or less (2),363 (4.5)
,A few times a week (3),703 (8.8)
,Daily (4),1528 (19.1)
Q76_Facebook,Never (0),1489 (18.6)
,Once a month or less (1),396 (5.0)
,Once a week or less (2),399 (5.0)
,A few times a week (3),821 (10.3)
,Daily (4),4884 (61.1)
Q76_Craigslist,Never (0),4611 (57.7)
,Once a month or less (1),1427 (17.9)
,Once a week or less (2),628 (7.9)
,A few times a week (3),678 (8.5)
,Daily (4),646 (8.1)
Q76_Scruff,Never (0),5628 (70.5)
,Once a month or less (1),495 (6.2)
,Once a week or less (2),302 (3.8)
,A few times a week (3),545 (6.8)
,Daily (4),1018 (12.7)
Q76_Snapchat,Never (0),6541 (81.9)
,Once a month or less (1),303 (3.8)
,Once a week or less (2),231 (2.9)
,A few times a week (3),315 (3.9)
,Daily (4),597 (7.5)
Q76_Instagram,Never (0),5655 (70.8)
,Once a month or less (1),502 (6.3)
,Once a week or less (2),351 (4.4)
,A few times a week (3),418 (5.2)
,Daily (4),1061 (13.3)
Q76_Tinder,Never (0),7072 (88.5)
,Once a month or less (1),244 (3.1)
,Once a week or less (2),153 (1.9)
,A few times a week (3),239 (3.0)
,Daily (4),280 (3.5)
Q76_Jackd,Never (0),7425 (93.0)
,Once a month or less (1),274 (3.4)
,Once a week or less (2),88 (1.1)
,A few times a week (3),88 (1.1)
,Daily (4),111 (1.4)
Q76_Twitter,Never (0),5211 (65.2)
,Once a month or less (1),888 (11.1)
,Once a week or less (2),509 (6.4)
,A few times a week (3),537 (6.7)
,Daily (4),842 (10.5)
Q77_MeetAt_Social,Very unsatisfied (1),1164 (14.6)
,Unsatisfied (2),1693 (21.2)
,Satisfied (3),2448 (30.6)
,Very satisfied (4),660 (8.3)
,Not sure / NA (5),2025 (25.3)
Q77_MeetAt_Bars,Very unsatisfied (1),1416 (17.7)
,Unsatisfied (2),2005 (25.1)
,Satisfied (3),1805 (22.6)
,Very satisfied (4),432 (5.4)
,Not sure / NA (5),2332 (29.2)
Q77_MeetAt_Internet,Very unsatisfied (1),1037 (13.0)
,Unsatisfied (2),1998 (25.0)
,Satisfied (3),2697 (33.8)
,Very satisfied (4),869 (10.9)
,Not sure / NA (5),1389 (17.4)
Q77_MeetAt_Apps,Very unsatisfied (1),1138 (14.2)
,Unsatisfied (2),1552 (19.4)
,Satisfied (3),1896 (23.7)
,Very satisfied (4),570 (7.1)
,Not sure / NA (5),2834 (35.5)
Q77_Social_Grouped,Unsatisfied / Very unsatisfied,2857 (35.8)
,Satisfied / Very satisfied,3108 (38.9)
,Not sure / NA,2025 (25.3)
Q77_Bars_Grouped,Unsatisfied / Very unsatisfied,3421 (42.8)
,Satisfied / Very satisfied,2237 (28.0)
,Not sure / NA,2332 (29.2)
Q77_Internet_Grouped,Unsatisfied / Very unsatisfied,3035 (38.0)
,Satisfied / Very satisfied,3566 (44.6)
,Not sure / NA,1389 (17.4)
Q77_Apps_Grouped,Unsatisfied / Very unsatisfied,2690 (33.7)
,Satisfied / Very satisfied,2466 (30.9)
,Not sure / NA,2834 (35.5)
Q78_TimeWithGayBiMen,Little (1),3990 (49.9)
,25% (2),1587 (19.9)
,50% (3),1072 (13.4)
,75% (4),566 (7.1)
,Most (5),776 (9.7)
Q78_Groups,<50%,5577 (69.8)
,50%,1072 (13.4)
,>50%,1342 (16.8)
Q78_Groups2,<50%,5577 (69.8)
,>=50%,2414 (30.2)
Q79_SupportNetwork,No one (1),636 (8.0)
,1-3 (2),3152 (39.4)
,4-6 (3),2191 (27.4)
,7-9 (4),625 (7.8)
,10+ (5),1387 (17.4)
Q80_Involved_Personal,No (0),6223 (77.9)
,Yes (1),1768 (22.1)
Q80_Involved_Gay,No (0),6610 (82.7)
,Yes (1),1381 (17.3)
Q80_Involved_Civic,No (0),6148 (76.9)
,Yes (1),1843 (23.1)
Q80_Involved_Political,No (0),7244 (90.7)
,Yes (1),747 (9.3)
Q80_Involved_None,No (0),3405 (42.6)
,Yes (1),4586 (57.4)
Q81_DreamMan_Wears,Briefs (1),3173 (39.7)
,G-strings (2),358 (4.5)
,Boxers (3),1868 (23.4)
,Jock strap (4),1362 (17.0)
,Commando (free ballin') (5),1230 (15.4)
Q81_DreamMan_Hair,Hairy (1),3539 (44.3)
,Smooth (2),3100 (38.8)
,Shaved (3),1352 (16.9)
Q81_DreamMan_Age,Younger than me (1),2828 (35.4)
,Older than me (2),1951 (24.4)
,Same age as me (3),3211 (40.2)
Q81_DreamMan_Cut,Cut (1),3820 (47.8)
,Uncut (2),3801 (47.6)
,Pierced (3),317 (4.0)
,Strapped-on (4),53 (0.7)
Q81_DreamMan_Features,Built like an Olympian (1),1523 (19.1)
,Smart as a Nobel Prize winner (2),2262 (28.3)
,Sexy as a Calvin Klein model (3),2650 (33.2)
,Cooks like a celebrity chef (4),1556 (19.5)
Q82_Prompt,Website banner ad (1),1738 (23.3)
,Reminder message from Squirt (2),2682 (35.9)
,Promotional items (3),86 (1.2)
,Repeat participant from other years (4),240 (3.2)
,"Email announcement, Sex Now e-blast (5)",574 (7.7)
,Newspaper ads (6),55 (0.7)
,"Friend, word of mouth (7)",998 (13.4)
,Other (99),1102 (14.7)
